"ts_run","run_id","story_id","topstories_rank","beststories_rank","newstories_rank","status","score","descendants"
"2021-06-02 15:45:01",83217,27370026,,,1,"new",1,0
"2021-06-02 15:50:01",83218,27370026,,,9,"new",2,0
"2021-06-02 15:55:01",83219,27370026,29,,13,"new",6,0
"2021-06-02 16:00:02",83220,27370026,4,,18,"new",51,2
"2021-06-02 16:05:01",83221,27370026,2,174,26,"new",86,8
"2021-06-02 16:10:01",83222,27370026,2,123,35,"new",129,21
"2021-06-02 16:15:01",83223,27370026,1,95,37,"new",159,34
"2021-06-02 16:20:01",83224,27370026,1,78,41,"new",195,48
"2021-06-02 16:25:01",83225,27370026,1,59,52,"new",231,61
"2021-06-02 16:30:01",83226,27370026,1,49,53,"new",261,70
"2021-06-02 16:35:01",83227,27370026,1,36,57,"new",291,86
"2021-06-02 16:40:01",83228,27370026,1,32,60,"new",319,101
"2021-06-02 16:45:01",83229,27370026,1,29,68,"hot",357,118
"2021-06-02 16:50:01",83230,27370026,1,25,73,"hot",390,132
"2021-06-02 16:55:01",83231,27370026,1,20,77,"hot",425,145
"2021-06-02 17:00:01",83232,27370026,1,18,85,"hot",450,158
"2021-06-02 17:05:01",83233,27370026,1,15,94,"hot",476,169
"2021-06-02 17:10:01",83234,27370026,1,14,99,"hot",496,185
"2021-06-02 17:15:01",83235,27370026,1,13,102,"hot",519,195
"2021-06-02 17:20:01",83236,27370026,1,12,109,"hot",543,209
"2021-06-02 17:25:01",83237,27370026,1,11,111,"hot",568,219
"2021-06-02 17:30:01",83238,27370026,1,10,114,"hot",592,228
"2021-06-02 17:35:01",83239,27370026,1,10,118,"hot",619,239
"2021-06-02 17:40:01",83240,27370026,1,8,124,"hot",639,251
"2021-06-02 17:45:01",83241,27370026,1,8,126,"hot",657,261
"2021-06-02 17:50:01",83242,27370026,1,8,129,"hot",672,270
"2021-06-02 17:55:01",83243,27370026,1,8,135,"hot",692,278
"2021-06-02 18:00:01",83244,27370026,1,8,138,"hot",711,287
"2021-06-02 18:05:01",83245,27370026,1,8,141,"hot",743,297
"2021-06-02 18:10:01",83246,27370026,1,8,148,"hot",770,304
"2021-06-02 18:15:01",83247,27370026,1,8,150,"hot",799,313
"2021-06-02 18:20:01",83248,27370026,1,8,154,"hot",816,318
"2021-06-02 18:25:01",83249,27370026,1,8,158,"hot",829,327
"2021-06-02 18:30:01",83250,27370026,1,8,168,"hot",842,340
"2021-06-02 18:35:01",83251,27370026,1,7,172,"hot",863,349
"2021-06-02 18:40:01",83252,27370026,1,7,179,"hot",879,353
"2021-06-02 18:45:02",83253,27370026,1,7,183,"hot",897,355
"2021-06-02 18:50:01",83254,27370026,1,7,190,"hot",919,366
"2021-06-02 18:55:01",83255,27370026,1,7,197,"hot",929,372
"2021-06-02 19:00:02",83256,27370026,1,6,197,"hot",948,375
"2021-06-02 19:05:01",83257,27370026,1,6,199,"hot",963,381
"2021-06-02 19:10:02",83258,27370026,1,6,202,"hot",973,386
"2021-06-02 19:15:01",83259,27370026,1,5,202,"hot",982,393
"2021-06-02 19:20:01",83260,27370026,1,5,204,"hot",988,397
"2021-06-02 19:25:01",83261,27370026,1,5,209,"hot",1002,399
"2021-06-02 19:30:02",83262,27370026,1,4,212,"hot",1020,405
"2021-06-02 19:35:01",83263,27370026,1,4,214,"hot",1034,412
"2021-06-02 19:40:01",83264,27370026,1,3,217,"hot",1045,416
"2021-06-02 19:45:01",83265,27370026,1,2,219,"hot",1066,424
"2021-06-02 19:50:01",83266,27370026,1,2,221,"hot",1080,430
"2021-06-02 19:55:01",83267,27370026,1,2,224,"hot",1094,436
"2021-06-02 20:00:01",83268,27370026,1,2,232,"hot",1108,453
"2021-06-02 20:05:01",83269,27370026,1,2,241,"hot",1119,454
"2021-06-02 20:10:01",83270,27370026,1,2,250,"hot",1133,463
"2021-06-02 20:15:01",83271,27370026,1,2,253,"hot",1143,470
"2021-06-02 20:20:01",83272,27370026,1,2,255,"hot",1156,479
"2021-06-02 20:25:01",83273,27370026,1,2,260,"hot",1168,485
"2021-06-02 20:30:01",83274,27370026,1,1,261,"hot",1180,488
"2021-06-02 20:35:01",83275,27370026,1,1,264,"hot",1192,498
"2021-06-02 20:40:01",83276,27370026,1,1,268,"hot",1204,505
"2021-06-02 20:45:01",83277,27370026,1,1,270,"hot",1212,512
"2021-06-02 20:50:01",83278,27370026,1,1,278,"hot",1225,515
"2021-06-02 20:55:01",83279,27370026,1,1,280,"hot",1237,517
"2021-06-02 21:00:01",83280,27370026,1,1,283,"hot",1248,521
"2021-06-02 21:05:01",83281,27370026,1,1,289,"hot",1257,525
"2021-06-02 21:10:01",83282,27370026,1,1,293,"hot",1264,530
"2021-06-02 21:15:01",83283,27370026,1,1,297,"hot",1277,538
"2021-06-02 21:20:01",83284,27370026,1,1,300,"hot",1284,543
"2021-06-02 21:25:01",83285,27370026,1,1,302,"hot",1299,546
"2021-06-02 21:30:01",83286,27370026,1,1,305,"hot",1306,547
"2021-06-02 21:35:01",83287,27370026,1,1,306,"hot",1317,551
"2021-06-02 21:40:01",83288,27370026,1,1,308,"hot",1325,554
"2021-06-02 21:45:02",83289,27370026,1,1,312,"hot",1339,555
"2021-06-02 21:50:01",83290,27370026,1,1,315,"hot",1347,560
"2021-06-02 21:55:01",83291,27370026,1,1,319,"hot",1352,565
"2021-06-02 22:00:01",83292,27370026,1,1,323,"hot",1361,574
"2021-06-02 22:05:01",83293,27370026,1,1,325,"hot",1373,579
"2021-06-02 22:10:01",83294,27370026,1,1,328,"hot",1381,581
"2021-06-02 22:15:01",83295,27370026,1,1,331,"hot",1390,582
"2021-06-02 22:20:01",83296,27370026,1,1,331,"hot",1399,587
"2021-06-02 22:25:01",83297,27370026,1,1,334,"hot",1405,589
"2021-06-02 22:30:01",83298,27370026,1,1,337,"hot",1406,592
"2021-06-02 22:35:01",83299,27370026,1,1,343,"hot",1415,599
"2021-06-02 22:40:01",83300,27370026,1,1,344,"hot",1426,602
"2021-06-02 22:45:01",83301,27370026,2,1,345,"hot",1429,603
"2021-06-02 22:50:01",83302,27370026,2,1,346,"hot",1440,606
"2021-06-02 22:55:01",83303,27370026,2,1,346,"hot",1445,609
"2021-06-02 23:00:01",83304,27370026,2,1,347,"hot",1450,610
"2021-06-02 23:05:01",83305,27370026,2,1,354,"hot",1454,610
"2021-06-02 23:10:01",83306,27370026,2,1,355,"hot",1460,613
"2021-06-02 23:15:01",83307,27370026,2,1,357,"hot",1461,616
"2021-06-02 23:20:01",83308,27370026,2,1,359,"hot",1465,619
"2021-06-02 23:25:01",83309,27370026,2,1,362,"hot",1471,622
"2021-06-02 23:30:01",83310,27370026,2,1,364,"hot",1476,622
"2021-06-02 23:35:01",83311,27370026,2,1,368,"hot",1478,623
"2021-06-02 23:40:01",83312,27370026,2,1,370,"hot",1483,626
"2021-06-02 23:45:01",83313,27370026,2,1,371,"hot",1488,628
"2021-06-02 23:50:01",83314,27370026,2,1,370,"hot",1493,632
"2021-06-02 23:55:01",83315,27370026,2,1,370,"hot",1495,633
"2021-06-03 00:00:01",83316,27370026,1,1,371,"hot",1498,633
"2021-06-03 00:05:01",83317,27370026,1,1,375,"hot",1499,633
"2021-06-03 00:10:01",83318,27370026,1,1,377,"hot",1504,634
"2021-06-03 00:15:01",83319,27370026,1,1,378,"hot",1506,639
"2021-06-03 00:20:01",83320,27370026,1,1,382,"hot",1512,639
"2021-06-03 00:25:01",83321,27370026,1,1,384,"hot",1514,640
"2021-06-03 00:30:01",83322,27370026,1,1,386,"hot",1523,643
"2021-06-03 00:35:01",83323,27370026,1,1,387,"hot",1526,643
"2021-06-03 00:40:01",83324,27370026,1,1,386,"hot",1531,646
"2021-06-03 00:45:01",83325,27370026,1,1,387,"hot",1538,646
"2021-06-03 00:50:01",83326,27370026,1,1,391,"hot",1541,649
"2021-06-03 00:55:01",83327,27370026,1,1,391,"hot",1550,651
"2021-06-03 01:00:01",83328,27370026,1,1,392,"hot",1559,653
"2021-06-03 01:05:01",83329,27370026,1,1,394,"hot",1565,654
"2021-06-03 01:10:01",83330,27370026,1,1,395,"hot",1569,655
"2021-06-03 01:15:01",83331,27370026,1,1,395,"hot",1577,655
"2021-06-03 01:20:01",83332,27370026,1,1,397,"hot",1580,655
"2021-06-03 01:25:01",83333,27370026,1,1,399,"hot",1581,656
"2021-06-03 01:30:01",83334,27370026,1,1,399,"hot",1585,658
"2021-06-03 01:35:01",83335,27370026,1,1,402,"hot",1591,659
"2021-06-03 01:40:01",83336,27370026,1,1,403,"hot",1593,660
"2021-06-03 01:45:01",83337,27370026,1,1,405,"hot",1595,662
"2021-06-03 01:50:01",83338,27370026,1,1,407,"hot",1601,666
"2021-06-03 01:55:01",83339,27370026,1,1,410,"hot",1606,667
"2021-06-03 02:00:01",83340,27370026,1,1,412,"hot",1609,668
"2021-06-03 02:05:01",83341,27370026,1,1,416,"hot",1615,668
"2021-06-03 02:10:01",83342,27370026,1,1,417,"hot",1624,670
"2021-06-03 02:15:01",83343,27370026,1,1,419,"hot",1629,671
"2021-06-03 02:20:01",83344,27370026,1,1,421,"hot",1633,674
"2021-06-03 02:25:01",83345,27370026,1,1,423,"hot",1640,674
"2021-06-03 02:30:02",83346,27370026,1,1,425,"hot",1646,676
"2021-06-03 02:35:01",83347,27370026,1,1,425,"hot",1651,678
"2021-06-03 02:40:01",83348,27370026,1,1,427,"hot",1652,678
"2021-06-03 02:45:01",83349,27370026,1,1,432,"hot",1654,678
"2021-06-03 02:50:01",83350,27370026,1,1,433,"hot",1661,678
"2021-06-03 02:55:01",83351,27370026,1,1,433,"hot",1665,681
"2021-06-03 03:00:01",83352,27370026,1,1,436,"hot",1671,681
"2021-06-03 03:05:01",83353,27370026,1,1,436,"hot",1677,682
"2021-06-03 03:10:01",83354,27370026,1,1,436,"hot",1682,682
"2021-06-03 03:15:01",83355,27370026,1,1,440,"hot",1685,682
"2021-06-03 03:20:01",83356,27370026,1,1,441,"hot",1689,682
"2021-06-03 03:25:01",83357,27370026,1,1,444,"hot",1693,682
"2021-06-03 03:30:01",83358,27370026,1,1,445,"hot",1699,683
"2021-06-03 03:35:01",83359,27370026,1,1,447,"hot",1703,685
"2021-06-03 03:40:01",83360,27370026,1,1,449,"hot",1711,685
"2021-06-03 03:45:01",83361,27370026,1,1,449,"hot",1716,685
"2021-06-03 03:50:01",83362,27370026,1,1,450,"hot",1717,685
"2021-06-03 03:55:01",83363,27370026,1,1,453,"hot",1723,685
"2021-06-03 04:00:01",83364,27370026,1,1,454,"hot",1726,685
"2021-06-03 04:05:01",83365,27370026,1,1,454,"hot",1729,686
"2021-06-03 04:10:01",83366,27370026,1,1,454,"hot",1737,688
"2021-06-03 04:15:01",83367,27370026,1,1,452,"hot",1740,689
"2021-06-03 04:20:01",83368,27370026,1,1,452,"hot",1743,694
"2021-06-03 04:25:01",83369,27370026,1,1,454,"hot",1748,694
"2021-06-03 04:30:01",83370,27370026,1,1,456,"hot",1752,697
"2021-06-03 04:35:01",83371,27370026,1,1,458,"hot",1755,698
"2021-06-03 04:40:01",83372,27370026,1,1,458,"hot",1763,700
"2021-06-03 04:45:01",83373,27370026,1,1,462,"hot",1766,702
"2021-06-03 04:50:01",83374,27370026,1,1,463,"hot",1772,703
"2021-06-03 04:55:01",83375,27370026,1,1,466,"hot",1779,704
"2021-06-03 05:00:01",83376,27370026,1,1,466,"hot",1783,706
"2021-06-03 05:05:01",83377,27370026,1,1,472,"hot",1783,706
"2021-06-03 05:10:01",83378,27370026,1,1,474,"hot",1789,707
"2021-06-03 05:15:01",83379,27370026,1,1,476,"hot",1793,709
"2021-06-03 05:20:01",83380,27370026,1,1,478,"hot",1798,711
"2021-06-03 05:25:02",83381,27370026,1,1,480,"hot",1801,711
"2021-06-03 05:30:01",83382,27370026,1,1,481,"hot",1807,711
"2021-06-03 05:35:01",83383,27370026,1,1,484,"hot",1812,712
"2021-06-03 05:40:01",83384,27370026,1,1,483,"hot",1816,713
"2021-06-03 05:45:01",83385,27370026,1,1,484,"hot",1827,713
"2021-06-03 05:50:01",83386,27370026,1,1,485,"hot",1831,715
"2021-06-03 05:55:01",83387,27370026,1,1,487,"hot",1836,715
"2021-06-03 06:00:01",83388,27370026,1,1,490,"hot",1838,717
"2021-06-03 06:05:01",83389,27370026,1,1,493,"hot",1842,718
"2021-06-03 06:10:01",83390,27370026,1,1,495,"hot",1848,719
"2021-06-03 06:15:01",83391,27370026,1,1,497,"hot",1851,719
"2021-06-03 06:20:01",83392,27370026,1,1,497,"hot",1853,722
"2021-06-03 06:25:01",83393,27370026,1,1,,"hot",1859,722
"2021-06-03 06:30:01",83394,27370026,1,1,,"hot",1860,722
"2021-06-03 06:35:01",83395,27370026,1,1,,"hot",1862,722
"2021-06-03 06:40:01",83396,27370026,1,1,,"hot",1866,722
"2021-06-03 06:45:01",83397,27370026,1,1,,"hot",1869,723
"2021-06-03 06:50:01",83398,27370026,4,1,,"hot",1876,725
"2021-06-03 06:55:01",83399,27370026,4,1,,"hot",1882,726
"2021-06-03 07:00:01",83400,27370026,4,1,,"hot",1885,728
"2021-06-03 07:05:01",83401,27370026,4,1,,"hot",1888,729
"2021-06-03 07:10:01",83402,27370026,4,1,,"hot",1889,729
"2021-06-03 07:15:01",83403,27370026,4,1,,"hot",1893,730
"2021-06-03 07:20:01",83404,27370026,5,1,,"hot",1898,732
"2021-06-03 07:25:02",83405,27370026,5,1,,"hot",1899,732
"2021-06-03 07:30:01",83406,27370026,5,1,,"hot",1901,732
"2021-06-03 07:35:01",83407,27370026,5,1,,"hot",1903,733
"2021-06-03 07:40:01",83408,27370026,5,1,,"hot",1905,733
"2021-06-03 07:45:01",83409,27370026,5,1,,"hot",1905,735
"2021-06-03 07:50:01",83410,27370026,5,1,,"hot",1909,736
"2021-06-03 07:55:01",83411,27370026,3,1,,"hot",1912,736
"2021-06-03 08:00:01",83412,27370026,3,1,,"hot",1919,737
"2021-06-03 08:05:02",83413,27370026,3,1,,"hot",1923,737
"2021-06-03 08:10:01",83414,27370026,3,1,,"hot",1925,737
"2021-06-03 08:15:01",83415,27370026,3,1,,"hot",1933,738
"2021-06-03 08:20:01",83416,27370026,3,1,,"hot",1938,740
"2021-06-03 08:25:01",83417,27370026,3,1,,"hot",1939,741
"2021-06-03 08:30:01",83418,27370026,3,1,,"hot",1939,742
"2021-06-03 08:35:01",83419,27370026,3,1,,"hot",1941,743
"2021-06-03 08:40:02",83420,27370026,3,1,,"hot",1941,744
"2021-06-03 08:45:01",83421,27370026,3,1,,"hot",1946,744
"2021-06-03 08:50:01",83422,27370026,3,1,,"hot",1949,743
"2021-06-03 08:55:01",83423,27370026,3,1,,"hot",1954,746
"2021-06-03 09:00:01",83424,27370026,3,1,,"hot",1955,746
"2021-06-03 09:05:01",83425,27370026,3,1,,"hot",1957,747
"2021-06-03 09:10:01",83426,27370026,3,1,,"hot",1960,749
"2021-06-03 09:15:01",83427,27370026,3,1,,"hot",1961,749
"2021-06-03 09:20:01",83428,27370026,4,1,,"hot",1963,749
"2021-06-03 09:25:01",83429,27370026,4,1,,"hot",1964,749
"2021-06-03 09:30:02",83430,27370026,4,1,,"hot",1966,749
"2021-06-03 09:35:01",83431,27370026,4,1,,"hot",1969,749
"2021-06-03 09:40:01",83432,27370026,3,1,,"hot",1971,751
"2021-06-03 09:45:01",83433,27370026,3,1,,"hot",1973,751
"2021-06-03 09:50:01",83434,27370026,3,1,,"hot",1975,753
"2021-06-03 09:55:01",83435,27370026,3,1,,"hot",1977,753
"2021-06-03 10:00:01",83436,27370026,3,1,,"hot",1978,754
"2021-06-03 10:05:01",83437,27370026,4,1,,"hot",1981,755
"2021-06-03 10:10:01",83438,27370026,4,1,,"hot",1981,755
"2021-06-03 10:15:01",83439,27370026,3,1,,"hot",1984,755
"2021-06-03 10:20:01",83440,27370026,5,1,,"hot",1988,755
"2021-06-03 10:25:01",83441,27370026,4,1,,"hot",1989,755
"2021-06-03 10:30:02",83442,27370026,4,1,,"hot",1993,755
"2021-06-03 10:35:01",83443,27370026,4,1,,"hot",1993,756
"2021-06-03 10:40:02",83444,27370026,3,1,,"hot",1997,756
"2021-06-03 10:45:01",83445,27370026,4,1,,"hot",1998,758
"2021-06-03 10:50:01",83446,27370026,5,1,,"hot",1999,761
"2021-06-03 10:55:01",83447,27370026,5,1,,"hot",2002,761
"2021-06-03 11:00:01",83448,27370026,5,1,,"hot",2006,761
"2021-06-03 11:05:01",83449,27370026,5,1,,"hot",2008,761
"2021-06-03 11:10:01",83450,27370026,5,1,,"hot",2011,761
"2021-06-03 11:15:01",83451,27370026,6,1,,"hot",2011,763
"2021-06-03 11:20:01",83452,27370026,7,1,,"hot",2012,764
"2021-06-03 11:25:01",83453,27370026,7,1,,"hot",2012,765
"2021-06-03 11:30:01",83454,27370026,8,1,,"hot",2013,765
"2021-06-03 11:35:01",83455,27370026,8,1,,"hot",2015,765
"2021-06-03 11:40:01",83456,27370026,7,1,,"hot",2016,765
"2021-06-03 11:45:01",83457,27370026,6,1,,"hot",2019,766
"2021-06-03 11:50:01",83458,27370026,6,1,,"hot",2022,767
"2021-06-03 11:55:01",83459,27370026,6,1,,"hot",2023,767
"2021-06-03 12:00:01",83460,27370026,8,1,,"hot",2024,768
"2021-06-03 12:05:01",83461,27370026,9,1,,"hot",2024,768
"2021-06-03 12:10:01",83462,27370026,9,1,,"hot",2025,768
"2021-06-03 12:15:01",83463,27370026,8,1,,"hot",2026,769
"2021-06-03 12:20:01",83464,27370026,8,1,,"hot",2029,769
"2021-06-03 12:25:01",83465,27370026,8,1,,"hot",2030,769
"2021-06-03 12:30:01",83466,27370026,8,1,,"hot",2031,769
"2021-06-03 12:35:01",83467,27370026,8,1,,"hot",2032,769
"2021-06-03 12:40:01",83468,27370026,9,1,,"hot",2037,771
"2021-06-03 12:45:01",83469,27370026,8,1,,"hot",2038,771
"2021-06-03 12:50:01",83470,27370026,9,1,,"hot",2041,771
"2021-06-03 12:55:01",83471,27370026,10,1,,"hot",2043,771
"2021-06-03 13:00:01",83472,27370026,10,1,,"hot",2045,771
"2021-06-03 13:05:01",83473,27370026,10,1,,"hot",2048,771
"2021-06-03 13:10:01",83474,27370026,9,1,,"hot",2049,771
"2021-06-03 13:15:01",83475,27370026,9,1,,"hot",2052,772
"2021-06-03 13:20:01",83476,27370026,10,1,,"hot",2054,772
"2021-06-03 13:25:01",83477,27370026,10,1,,"hot",2054,774
"2021-06-03 13:30:01",83478,27370026,8,1,,"hot",2055,774
"2021-06-03 13:35:01",83479,27370026,8,1,,"hot",2056,774
"2021-06-03 13:40:01",83480,27370026,8,1,,"hot",2060,775
"2021-06-03 13:45:01",83481,27370026,8,1,,"hot",2060,775
"2021-06-03 13:50:01",83482,27370026,8,1,,"hot",2061,778
"2021-06-03 13:55:02",83483,27370026,9,1,,"hot",2063,778
"2021-06-03 14:00:01",83484,27370026,9,1,,"hot",2064,781
"2021-06-03 14:05:01",83485,27370026,9,1,,"hot",2066,781
"2021-06-03 14:10:01",83486,27370026,9,1,,"hot",2067,782
"2021-06-03 14:15:01",83487,27370026,9,1,,"hot",2070,782
"2021-06-03 14:20:01",83488,27370026,7,1,,"hot",2073,782
"2021-06-03 14:25:01",83489,27370026,8,1,,"hot",2076,782
"2021-06-03 14:30:01",83490,27370026,8,1,,"hot",2076,782
"2021-06-03 14:35:01",83491,27370026,7,1,,"hot",2079,783
"2021-06-03 14:40:01",83492,27370026,7,1,,"hot",2081,785
"2021-06-03 14:45:02",83493,27370026,7,1,,"hot",2084,785
"2021-06-03 14:50:01",83494,27370026,7,1,,"hot",2086,785
"2021-06-03 14:55:01",83495,27370026,8,1,,"hot",2089,785
"2021-06-03 15:00:01",83496,27370026,8,1,,"hot",2096,785
"2021-06-03 15:05:01",83497,27370026,8,1,,"hot",2100,786
"2021-06-03 15:10:01",83498,27370026,8,1,,"hot",2101,786
"2021-06-03 15:15:01",83499,27370026,8,1,,"hot",2103,786
"2021-06-03 15:20:01",83500,27370026,8,1,,"hot",2106,787
"2021-06-03 15:25:01",83501,27370026,8,1,,"hot",2108,787
"2021-06-03 15:30:01",83502,27370026,8,1,,"hot",2111,787
"2021-06-03 15:35:01",83503,27370026,8,1,,"hot",2114,788
"2021-06-03 15:40:01",83504,27370026,8,1,,"hot",2117,789
"2021-06-03 15:45:01",83505,27370026,8,1,,"hot",2117,790
"2021-06-03 15:50:01",83506,27370026,9,1,,"hot",2124,792
"2021-06-03 15:55:01",83507,27370026,10,1,,"hot",2128,793
"2021-06-03 16:00:01",83508,27370026,9,1,,"hot",2134,795
"2021-06-03 16:05:01",83509,27370026,9,1,,"hot",2138,796
"2021-06-03 16:10:01",83510,27370026,12,1,,"hot",2140,797
"2021-06-03 16:15:01",83511,27370026,13,1,,"hot",2141,797
"2021-06-03 16:20:01",83512,27370026,13,1,,"hot",2144,797
"2021-06-03 16:25:01",83513,27370026,13,1,,"hot",2144,797
"2021-06-03 16:30:01",83514,27370026,13,1,,"hot",2148,798
"2021-06-03 16:35:01",83515,27370026,13,1,,"hot",2150,798
"2021-06-03 16:40:01",83516,27370026,12,1,,"hot",2153,798
"2021-06-03 16:45:02",83517,27370026,12,1,,"hot",2155,798
"2021-06-03 16:50:01",83518,27370026,14,1,,"hot",2155,799
"2021-06-03 16:55:01",83519,27370026,15,1,,"hot",2156,799
"2021-06-03 17:00:01",83520,27370026,16,1,,"hot",2159,799
"2021-06-03 17:05:01",83521,27370026,17,1,,"hot",2159,799
"2021-06-03 17:10:01",83522,27370026,16,1,,"hot",2161,801
"2021-06-03 17:15:01",83523,27370026,16,1,,"hot",2163,801
"2021-06-03 17:20:01",83524,27370026,19,1,,"hot",2163,801
"2021-06-03 17:25:01",83525,27370026,19,1,,"hot",2167,802
"2021-06-03 17:30:01",83526,27370026,18,1,,"hot",2169,803
"2021-06-03 17:35:01",83527,27370026,21,1,,"hot",2171,803
"2021-06-03 17:40:01",83528,27370026,20,1,,"hot",2172,803
"2021-06-03 17:45:01",83529,27370026,21,1,,"hot",2172,803
"2021-06-03 17:50:01",83530,27370026,23,1,,"hot",2174,804
"2021-06-03 17:55:01",83531,27370026,24,1,,"hot",2174,804
"2021-06-03 18:00:01",83532,27370026,24,1,,"hot",2176,804
"2021-06-03 18:05:01",83533,27370026,25,1,,"hot",2178,804
"2021-06-03 18:10:01",83534,27370026,25,1,,"hot",2178,804
"2021-06-03 18:15:01",83535,27370026,27,1,,"hot",2178,804
"2021-06-03 18:20:01",83536,27370026,25,1,,"hot",2179,804
"2021-06-03 18:25:01",83537,27370026,25,1,,"hot",2180,804
"2021-06-03 18:30:01",83538,27370026,25,1,,"hot",2181,805
"2021-06-03 18:35:01",83539,27370026,24,1,,"hot",2181,805
"2021-06-03 18:40:01",83540,27370026,24,1,,"hot",2182,805
"2021-06-03 18:45:01",83541,27370026,26,1,,"hot",2183,805
"2021-06-03 18:50:01",83542,27370026,27,1,,"hot",2183,806
"2021-06-03 18:55:01",83543,27370026,28,1,,"hot",2187,807
"2021-06-03 19:00:01",83544,27370026,29,1,,"hot",2190,809
"2021-06-03 19:05:01",83545,27370026,28,1,,"hot",2190,809
"2021-06-03 19:10:01",83546,27370026,28,1,,"hot",2191,809
"2021-06-03 19:15:01",83547,27370026,29,1,,"hot",2191,809
"2021-06-03 19:20:01",83548,27370026,29,1,,"hot",2192,809
"2021-06-03 19:25:01",83549,27370026,28,1,,"hot",2194,809
"2021-06-03 19:30:01",83550,27370026,28,1,,"hot",2194,810
"2021-06-03 19:35:01",83551,27370026,28,1,,"hot",2194,810
"2021-06-03 19:40:01",83552,27370026,30,1,,"hot",2194,810
"2021-06-03 19:45:01",83553,27370026,29,1,,"hot",2195,810
"2021-06-03 19:50:01",83554,27370026,30,1,,"hot",2195,810
"2021-06-03 19:55:01",83555,27370026,30,1,,"hot",2197,810
"2021-06-03 20:00:01",83556,27370026,30,1,,"hot",2198,810
"2021-06-03 20:05:01",83557,27370026,31,1,,"hot",2199,810
"2021-06-03 20:10:01",83558,27370026,31,1,,"hot",2199,810
"2021-06-03 20:15:01",83559,27370026,31,1,,"hot",2201,811
"2021-06-03 20:20:01",83560,27370026,29,1,,"hot",2201,811
"2021-06-03 20:25:01",83561,27370026,29,1,,"hot",2202,811
"2021-06-03 20:30:01",83562,27370026,29,1,,"hot",2203,811
"2021-06-03 20:35:01",83563,27370026,28,1,,"hot",2203,811
"2021-06-03 20:40:01",83564,27370026,28,1,,"hot",2204,811
"2021-06-03 20:45:01",83565,27370026,28,1,,"hot",2204,811
"2021-06-03 20:50:01",83566,27370026,28,1,,"hot",2207,811
"2021-06-03 20:55:01",83567,27370026,31,1,,"hot",2208,811
"2021-06-03 21:00:01",83568,27370026,31,1,,"hot",2208,811
"2021-06-03 21:05:01",83569,27370026,30,1,,"hot",2209,811
"2021-06-03 21:10:01",83570,27370026,30,1,,"hot",2209,811
"2021-06-03 21:15:01",83571,27370026,28,1,,"hot",2210,811
"2021-06-03 21:20:01",83572,27370026,28,1,,"hot",2210,811
"2021-06-03 21:25:01",83573,27370026,28,1,,"hot",2212,811
"2021-06-03 21:30:01",83574,27370026,28,1,,"hot",2213,811
"2021-06-03 21:35:01",83575,27370026,29,1,,"hot",2214,811
"2021-06-03 21:40:01",83576,27370026,31,1,,"hot",2215,811
"2021-06-03 21:45:01",83577,27370026,32,1,,"hot",2215,812
"2021-06-03 21:50:01",83578,27370026,32,1,,"hot",2216,812
"2021-06-03 21:55:01",83579,27370026,31,1,,"hot",2216,812
"2021-06-03 22:00:01",83580,27370026,31,1,,"hot",2216,812
"2021-06-03 22:05:01",83581,27370026,31,1,,"hot",2216,812
"2021-06-03 22:10:01",83582,27370026,31,1,,"hot",2216,812
"2021-06-03 22:15:01",83583,27370026,32,1,,"hot",2216,812
"2021-06-03 22:20:01",83584,27370026,32,1,,"hot",2217,812
"2021-06-03 22:25:01",83585,27370026,32,1,,"hot",2218,812
"2021-06-03 22:30:01",83586,27370026,32,1,,"hot",2218,812
"2021-06-03 22:35:01",83587,27370026,31,1,,"hot",2218,812
"2021-06-03 22:40:01",83588,27370026,31,1,,"hot",2220,812
"2021-06-03 22:45:01",83589,27370026,31,1,,"hot",2220,812
"2021-06-03 22:50:01",83590,27370026,31,1,,"hot",2221,812
"2021-06-03 22:55:01",83591,27370026,32,1,,"hot",2222,812
"2021-06-03 23:00:01",83592,27370026,31,1,,"hot",2222,812
"2021-06-03 23:05:01",83593,27370026,32,1,,"hot",2222,812
"2021-06-03 23:10:01",83594,27370026,32,1,,"hot",2222,814
"2021-06-03 23:15:02",83595,27370026,32,1,,"hot",2224,815
"2021-06-03 23:20:01",83596,27370026,33,1,,"hot",2224,815
"2021-06-03 23:25:01",83597,27370026,33,1,,"hot",2224,815
"2021-06-03 23:30:01",83598,27370026,33,1,,"hot",2224,815
"2021-06-03 23:35:01",83599,27370026,32,1,,"hot",2224,815
"2021-06-03 23:40:01",83600,27370026,34,1,,"hot",2224,815
"2021-06-03 23:45:01",83601,27370026,35,1,,"hot",2224,815
"2021-06-03 23:50:01",83602,27370026,35,1,,"hot",2224,815
"2021-06-03 23:55:01",83603,27370026,35,1,,"hot",2224,815
"2021-06-04 00:00:01",83604,27370026,34,1,,"hot",2224,815
"2021-06-04 00:05:01",83605,27370026,36,1,,"hot",2224,815
"2021-06-04 00:10:01",83606,27370026,35,1,,"hot",2225,816
"2021-06-04 00:15:02",83607,27370026,36,1,,"hot",2225,816
"2021-06-04 00:20:01",83608,27370026,36,1,,"hot",2226,816
"2021-06-04 00:25:01",83609,27370026,37,1,,"hot",2226,816
"2021-06-04 00:30:01",83610,27370026,38,1,,"hot",2226,816
"2021-06-04 00:35:01",83611,27370026,38,1,,"hot",2226,816
"2021-06-04 00:40:01",83612,27370026,37,1,,"hot",2226,816
"2021-06-04 00:45:01",83613,27370026,37,1,,"hot",2226,816
"2021-06-04 00:50:01",83614,27370026,38,1,,"hot",2226,816
"2021-06-04 00:55:01",83615,27370026,38,1,,"hot",2227,816
"2021-06-04 01:00:02",83616,27370026,37,1,,"hot",2227,816
"2021-06-04 01:05:02",83617,27370026,37,1,,"hot",2228,817
"2021-06-04 01:10:01",83618,27370026,36,1,,"hot",2228,818
"2021-06-04 01:15:01",83619,27370026,38,1,,"hot",2228,819
"2021-06-04 01:20:01",83620,27370026,37,1,,"hot",2228,819
"2021-06-04 01:25:01",83621,27370026,37,1,,"hot",2228,819
"2021-06-04 01:30:02",83622,27370026,37,1,,"hot",2229,819
"2021-06-04 01:35:01",83623,27370026,36,1,,"hot",2230,819
"2021-06-04 01:40:01",83624,27370026,36,1,,"hot",2231,819
"2021-06-04 01:45:01",83625,27370026,35,1,,"hot",2231,819
"2021-06-04 01:50:01",83626,27370026,37,1,,"hot",2231,819
"2021-06-04 01:55:01",83627,27370026,36,1,,"hot",2231,819
"2021-06-04 02:00:01",83628,27370026,35,1,,"hot",2231,819
"2021-06-04 02:05:01",83629,27370026,35,1,,"hot",2231,821
"2021-06-04 02:10:01",83630,27370026,34,1,,"hot",2232,821
"2021-06-04 02:15:01",83631,27370026,33,1,,"hot",2232,821
"2021-06-04 02:20:01",83632,27370026,33,1,,"hot",2232,821
"2021-06-04 02:25:01",83633,27370026,33,1,,"hot",2233,821
"2021-06-04 02:30:01",83634,27370026,34,1,,"hot",2233,822
"2021-06-04 02:35:01",83635,27370026,34,1,,"hot",2233,822
"2021-06-04 02:40:01",83636,27370026,34,1,,"hot",2233,822
"2021-06-04 02:45:01",83637,27370026,34,1,,"hot",2234,822
"2021-06-04 02:50:01",83638,27370026,35,1,,"hot",2235,822
"2021-06-04 02:55:01",83639,27370026,33,1,,"hot",2236,822
"2021-06-04 03:00:01",83640,27370026,33,1,,"hot",2237,822
"2021-06-04 03:05:01",83641,27370026,33,1,,"hot",2237,822
"2021-06-04 03:10:01",83642,27370026,34,1,,"hot",2237,822
"2021-06-04 03:15:01",83643,27370026,34,1,,"hot",2237,822
"2021-06-04 03:20:01",83644,27370026,34,1,,"hot",2237,822
"2021-06-04 03:25:01",83645,27370026,34,1,,"hot",2237,822
"2021-06-04 03:30:01",83646,27370026,34,1,,"hot",2237,822
"2021-06-04 03:35:01",83647,27370026,34,1,,"hot",2237,822
"2021-06-04 03:40:01",83648,27370026,33,1,,"hot",2237,822
"2021-06-04 03:45:01",83649,27370026,33,1,,"hot",2238,822
"2021-06-04 03:50:01",83650,27370026,34,1,,"hot",2238,823
"2021-06-04 03:55:01",83651,27370026,34,1,,"hot",2238,823
"2021-06-04 04:00:01",83652,27370026,34,1,,"hot",2238,823
"2021-06-04 04:05:01",83653,27370026,33,1,,"hot",2239,823
"2021-06-04 04:10:01",83654,27370026,34,1,,"hot",2239,823
"2021-06-04 04:15:02",83655,27370026,34,1,,"hot",2239,823
"2021-06-04 04:20:01",83656,27370026,35,1,,"hot",2239,823
"2021-06-04 04:25:01",83657,27370026,34,1,,"hot",2239,823
"2021-06-04 04:30:01",83658,27370026,34,1,,"hot",2240,823
"2021-06-04 04:35:02",83659,27370026,35,1,,"hot",2240,823
"2021-06-04 04:40:01",83660,27370026,33,1,,"hot",2240,823
"2021-06-04 04:45:01",83661,27370026,33,1,,"hot",2240,823
"2021-06-04 04:50:01",83662,27370026,33,1,,"hot",2241,823
"2021-06-04 04:55:01",83663,27370026,34,1,,"hot",2241,823
"2021-06-04 05:00:01",83664,27370026,34,1,,"hot",2242,823
"2021-06-04 05:05:01",83665,27370026,35,1,,"hot",2242,823
"2021-06-04 05:10:01",83666,27370026,34,1,,"hot",2242,823
"2021-06-04 05:15:01",83667,27370026,35,1,,"hot",2242,823
"2021-06-04 05:20:01",83668,27370026,35,1,,"hot",2242,823
"2021-06-04 05:25:01",83669,27370026,35,1,,"hot",2242,823
"2021-06-04 05:30:01",83670,27370026,35,1,,"hot",2242,823
"2021-06-04 05:35:01",83671,27370026,35,1,,"hot",2242,823
"2021-06-04 05:40:01",83672,27370026,35,1,,"hot",2242,823
"2021-06-04 05:45:01",83673,27370026,35,1,,"hot",2242,823
"2021-06-04 05:50:01",83674,27370026,35,1,,"hot",2242,823
"2021-06-04 05:55:01",83675,27370026,35,1,,"hot",2242,823
"2021-06-04 06:00:01",83676,27370026,34,1,,"hot",2242,823
"2021-06-04 06:05:01",83677,27370026,34,1,,"hot",2242,823
"2021-06-04 06:10:01",83678,27370026,34,1,,"hot",2242,823
"2021-06-04 06:15:01",83679,27370026,34,1,,"hot",2242,823
"2021-06-04 06:20:01",83680,27370026,35,1,,"hot",2242,823
"2021-06-04 06:25:01",83681,27370026,35,1,,"hot",2242,823
"2021-06-04 06:30:01",83682,27370026,36,1,,"hot",2242,823
"2021-06-04 06:35:01",83683,27370026,35,1,,"hot",2242,823
"2021-06-04 06:40:01",83684,27370026,35,1,,"hot",2242,823
"2021-06-04 06:45:01",83685,27370026,34,1,,"hot",2242,823
"2021-06-04 06:50:01",83686,27370026,35,1,,"hot",2242,823
"2021-06-04 06:55:01",83687,27370026,35,1,,"hot",2242,823
"2021-06-04 07:00:01",83688,27370026,33,1,,"hot",2242,823
"2021-06-04 07:05:01",83689,27370026,33,1,,"hot",2242,823
"2021-06-04 07:10:01",83690,27370026,33,1,,"hot",2242,823
"2021-06-04 07:15:01",83691,27370026,32,1,,"hot",2242,823
"2021-06-04 07:20:01",83692,27370026,33,1,,"hot",2243,823
"2021-06-04 07:25:01",83693,27370026,33,1,,"hot",2243,823
"2021-06-04 07:30:01",83694,27370026,33,1,,"hot",2243,823
"2021-06-04 07:35:01",83695,27370026,33,1,,"hot",2243,823
"2021-06-04 07:40:01",83696,27370026,33,1,,"hot",2243,823
"2021-06-04 07:45:01",83697,27370026,33,1,,"hot",2243,823
"2021-06-04 07:50:01",83698,27370026,32,1,,"hot",2244,823
"2021-06-04 07:55:01",83699,27370026,32,1,,"hot",2244,823
"2021-06-04 08:00:01",83700,27370026,32,1,,"hot",2244,823
"2021-06-04 08:05:01",83701,27370026,33,1,,"hot",2245,823
"2021-06-04 08:10:01",83702,27370026,33,1,,"hot",2245,823
"2021-06-04 08:15:01",83703,27370026,33,1,,"hot",2246,823
"2021-06-04 08:20:01",83704,27370026,34,1,,"hot",2246,823
"2021-06-04 08:25:01",83705,27370026,34,1,,"hot",2246,823
"2021-06-04 08:30:01",83706,27370026,33,1,,"hot",2246,823
"2021-06-04 08:35:02",83707,27370026,33,1,,"hot",2246,823
"2021-06-04 08:40:01",83708,27370026,33,1,,"hot",2246,823
"2021-06-04 08:45:01",83709,27370026,33,1,,"hot",2247,823
"2021-06-04 08:50:01",83710,27370026,33,1,,"hot",2248,823
"2021-06-04 08:55:01",83711,27370026,33,1,,"hot",2248,823
"2021-06-04 09:00:01",83712,27370026,29,1,,"hot",2249,823
"2021-06-04 09:05:01",83713,27370026,29,1,,"hot",2250,823
"2021-06-04 09:10:01",83714,27370026,28,1,,"hot",2251,823
"2021-06-04 09:15:01",83715,27370026,29,1,,"hot",2251,823
"2021-06-04 09:20:01",83716,27370026,30,1,,"hot",2252,823
"2021-06-04 09:25:01",83717,27370026,30,1,,"hot",2252,823
"2021-06-04 09:30:01",83718,27370026,32,1,,"hot",2252,823
"2021-06-04 09:35:01",83719,27370026,31,1,,"hot",2252,823
"2021-06-04 09:40:01",83720,27370026,31,1,,"hot",2252,823
"2021-06-04 09:45:01",83721,27370026,31,1,,"hot",2252,823
"2021-06-04 09:50:01",83722,27370026,30,1,,"hot",2252,823
"2021-06-04 09:55:01",83723,27370026,30,1,,"hot",2253,823
"2021-06-04 10:00:01",83724,27370026,30,1,,"hot",2253,823
"2021-06-04 10:05:01",83725,27370026,30,1,,"hot",2256,823
"2021-06-04 10:10:01",83726,27370026,30,1,,"hot",2256,823
"2021-06-04 10:15:02",83727,27370026,30,1,,"hot",2256,824
"2021-06-04 10:20:01",83728,27370026,32,1,,"hot",2257,824
"2021-06-04 10:25:02",83729,27370026,32,1,,"hot",2258,824
"2021-06-04 10:30:01",83730,27370026,32,1,,"hot",2258,824
"2021-06-04 10:35:01",83731,27370026,32,1,,"hot",2258,824
"2021-06-04 10:40:02",83732,27370026,31,1,,"hot",2258,824
"2021-06-04 10:45:01",83733,27370026,31,1,,"hot",2258,824
"2021-06-04 10:50:01",83734,27370026,30,1,,"hot",2258,824
"2021-06-04 10:55:01",83735,27370026,30,1,,"hot",2258,824
"2021-06-04 11:00:01",83736,27370026,30,1,,"hot",2259,824
"2021-06-04 11:05:01",83737,27370026,30,1,,"hot",2259,824
"2021-06-04 11:10:01",83738,27370026,29,1,,"hot",2259,824
"2021-06-04 11:15:01",83739,27370026,30,1,,"hot",2260,824
"2021-06-04 11:20:01",83740,27370026,29,1,,"hot",2262,824
"2021-06-04 11:25:02",83741,27370026,31,1,,"hot",2262,824
"2021-06-04 11:30:01",83742,27370026,31,1,,"hot",2262,824
"2021-06-04 11:35:01",83743,27370026,31,1,,"hot",2262,824
"2021-06-04 11:40:01",83744,27370026,32,1,,"hot",2262,824
"2021-06-04 11:45:01",83745,27370026,32,1,,"hot",2263,824
"2021-06-04 11:50:01",83746,27370026,31,1,,"hot",2264,825
"2021-06-04 11:55:02",83747,27370026,31,1,,"hot",2264,825
"2021-06-04 12:00:01",83748,27370026,30,1,,"hot",2265,825
"2021-06-04 12:05:01",83749,27370026,31,1,,"hot",2265,825
"2021-06-04 12:10:01",83750,27370026,32,1,,"hot",2265,825
"2021-06-04 12:15:01",83751,27370026,32,1,,"hot",2265,825
"2021-06-04 12:20:01",83752,27370026,32,1,,"hot",2266,825
"2021-06-04 12:25:01",83753,27370026,32,1,,"hot",2266,825
"2021-06-04 12:30:01",83754,27370026,29,1,,"hot",2267,825
"2021-06-04 12:35:01",83755,27370026,29,1,,"hot",2268,825
"2021-06-04 12:40:01",83756,27370026,29,1,,"hot",2271,826
"2021-06-04 12:45:01",83757,27370026,30,1,,"hot",2273,826
"2021-06-04 12:50:01",83758,27370026,30,1,,"hot",2273,826
"2021-06-04 12:55:01",83759,27370026,31,1,,"hot",2273,826
"2021-06-04 13:00:01",83760,27370026,32,1,,"hot",2274,826
"2021-06-04 13:05:01",83761,27370026,32,1,,"hot",2274,826
"2021-06-04 13:10:01",83762,27370026,32,1,,"hot",2274,826
"2021-06-04 13:15:01",83763,27370026,32,1,,"hot",2274,826
"2021-06-04 13:20:01",83764,27370026,32,1,,"hot",2274,826
"2021-06-04 13:25:01",83765,27370026,33,1,,"hot",2274,826
"2021-06-04 13:30:01",83766,27370026,32,1,,"hot",2274,826
"2021-06-04 13:35:01",83767,27370026,30,1,,"hot",2274,827
"2021-06-04 13:40:01",83768,27370026,30,1,,"hot",2274,827
"2021-06-04 13:45:01",83769,27370026,29,1,,"hot",2274,827
"2021-06-04 13:50:01",83770,27370026,30,1,,"hot",2275,827
"2021-06-04 13:55:01",83771,27370026,30,1,,"hot",2278,828
"2021-06-04 14:00:01",83772,27370026,31,1,,"hot",2278,828
"2021-06-04 14:05:01",83773,27370026,30,1,,"hot",2279,828
"2021-06-04 14:10:02",83774,27370026,29,1,,"hot",2279,828
"2021-06-04 14:15:01",83775,27370026,30,1,,"hot",2279,828
"2021-06-04 14:20:01",83776,27370026,30,1,,"hot",2279,828
"2021-06-04 14:25:01",83777,27370026,31,1,,"hot",2280,829
"2021-06-04 14:30:01",83778,27370026,32,1,,"hot",2280,829
"2021-06-04 14:35:01",83779,27370026,30,1,,"hot",2280,829
"2021-06-04 14:40:01",83780,27370026,30,1,,"hot",2280,829
"2021-06-04 14:45:01",83781,27370026,30,1,,"hot",2281,829
"2021-06-04 14:50:01",83782,27370026,31,1,,"hot",2281,829
"2021-06-04 14:55:01",83783,27370026,31,1,,"hot",2281,829
"2021-06-04 15:00:01",83784,27370026,30,1,,"hot",2281,829
"2021-06-04 15:05:01",83785,27370026,30,1,,"hot",2281,829
"2021-06-04 15:10:01",83786,27370026,30,1,,"hot",2282,830
"2021-06-04 15:15:01",83787,27370026,29,1,,"hot",2282,831
"2021-06-04 15:20:01",83788,27370026,29,1,,"hot",2284,831
"2021-06-04 15:25:01",83789,27370026,29,1,,"hot",2286,831
"2021-06-04 15:30:01",83790,27370026,32,1,,"hot",2287,831
"2021-06-04 15:35:01",83791,27370026,33,1,,"hot",2287,831
"2021-06-04 15:40:01",83792,27370026,32,1,,"hot",2287,831
"2021-06-04 15:45:01",83793,27370026,31,1,,"hot",2288,832
"2021-06-04 15:50:01",83794,27370026,31,1,,"hot",2288,832
"2021-06-04 15:55:01",83795,27370026,30,1,,"hot",2288,832
"2021-06-04 16:00:01",83796,27370026,28,1,,"hot",2289,832
"2021-06-04 16:05:01",83797,27370026,27,1,,"hot",2289,832
"2021-06-04 16:10:01",83798,27370026,28,1,,"hot",2290,832
"2021-06-04 16:15:01",83799,27370026,29,1,,"hot",2292,832
"2021-06-04 16:20:01",83800,27370026,31,1,,"hot",2292,833
"2021-06-04 16:25:01",83801,27370026,34,1,,"hot",2292,833
"2021-06-04 16:30:01",83802,27370026,37,1,,"hot",2292,833
"2021-06-04 16:35:01",83803,27370026,37,1,,"hot",2292,833
"2021-06-04 16:40:01",83804,27370026,37,1,,"hot",2292,833
"2021-06-04 16:45:01",83805,27370026,38,1,,"hot",2292,833
"2021-06-04 16:50:01",83806,27370026,39,1,,"hot",2292,833
"2021-06-04 16:55:01",83807,27370026,41,1,,"hot",2292,833
"2021-06-04 17:00:01",83808,27370026,41,1,,"hot",2292,833
"2021-06-04 17:05:01",83809,27370026,41,1,,"hot",2292,833
"2021-06-04 17:10:01",83810,27370026,40,1,,"hot",2292,833
"2021-06-04 17:15:01",83811,27370026,40,1,,"hot",2292,833
"2021-06-04 17:20:01",83812,27370026,40,1,,"hot",2292,833
"2021-06-04 17:25:01",83813,27370026,42,1,,"hot",2292,833
"2021-06-04 17:30:01",83814,27370026,44,1,,"hot",2292,833
"2021-06-04 17:35:01",83815,27370026,44,1,,"hot",2292,833
"2021-06-04 17:40:01",83816,27370026,46,1,,"hot",2293,833
"2021-06-04 17:45:01",83817,27370026,46,1,,"hot",2293,833
"2021-06-04 17:50:01",83818,27370026,46,1,,"hot",2294,833
"2021-06-04 17:55:01",83819,27370026,46,1,,"hot",2294,833
"2021-06-04 18:00:01",83820,27370026,46,1,,"hot",2294,833
"2021-06-04 18:05:01",83821,27370026,47,1,,"hot",2295,833
"2021-06-04 18:10:01",83822,27370026,48,1,,"hot",2296,833
"2021-06-04 18:15:01",83823,27370026,51,1,,"hot",2296,833
"2021-06-04 18:20:01",83824,27370026,52,1,,"hot",2297,833
"2021-06-04 18:25:01",83825,27370026,52,1,,"hot",2298,833
"2021-06-04 18:30:01",83826,27370026,51,1,,"hot",2299,833
"2021-06-04 18:35:01",83827,27370026,53,1,,"hot",2300,833
"2021-06-04 18:40:01",83828,27370026,54,1,,"hot",2300,833
"2021-06-04 18:45:01",83829,27370026,55,1,,"hot",2300,833
"2021-06-04 18:50:01",83830,27370026,54,1,,"hot",2300,833
"2021-06-04 18:55:01",83831,27370026,55,1,,"hot",2300,833
"2021-06-04 19:00:01",83832,27370026,54,1,,"hot",2300,833
"2021-06-04 19:05:01",83833,27370026,54,1,,"hot",2300,833
"2021-06-04 19:10:01",83834,27370026,53,1,,"hot",2300,833
"2021-06-04 19:15:02",83835,27370026,55,1,,"hot",2300,833
"2021-06-04 19:20:01",83836,27370026,56,1,,"hot",2300,833
"2021-06-04 19:25:01",83837,27370026,56,1,,"hot",2300,833
"2021-06-04 19:30:01",83838,27370026,54,1,,"hot",2300,833
"2021-06-04 19:35:01",83839,27370026,54,1,,"hot",2300,833
"2021-06-04 19:40:01",83840,27370026,55,1,,"hot",2300,833
"2021-06-04 19:45:01",83841,27370026,57,1,,"hot",2301,833
"2021-06-04 19:50:01",83842,27370026,57,1,,"hot",2301,833
"2021-06-04 19:55:01",83843,27370026,55,1,,"hot",2301,833
"2021-06-04 20:00:01",83844,27370026,56,1,,"hot",2301,833
"2021-06-04 20:05:01",83845,27370026,53,1,,"hot",2301,833
"2021-06-04 20:10:01",83846,27370026,55,1,,"hot",2301,835
"2021-06-04 20:15:01",83847,27370026,56,1,,"hot",2301,835
"2021-06-04 20:20:01",83848,27370026,55,1,,"hot",2301,835
"2021-06-04 20:25:01",83849,27370026,56,1,,"hot",2301,835
"2021-06-04 20:30:01",83850,27370026,54,1,,"hot",2301,835
"2021-06-04 20:35:01",83851,27370026,55,1,,"hot",2301,835
"2021-06-04 20:40:01",83852,27370026,55,1,,"hot",2301,835
"2021-06-04 20:45:01",83853,27370026,56,1,,"hot",2302,836
"2021-06-04 20:50:01",83854,27370026,56,1,,"hot",2303,836
"2021-06-04 20:55:01",83855,27370026,54,1,,"hot",2303,836
"2021-06-04 21:00:01",83856,27370026,55,1,,"hot",2303,836
"2021-06-04 21:05:01",83857,27370026,53,1,,"hot",2303,836
"2021-06-04 21:10:01",83858,27370026,55,1,,"hot",2303,836
"2021-06-04 21:15:01",83859,27370026,58,1,,"hot",2304,836
"2021-06-04 21:20:01",83860,27370026,59,1,,"hot",2305,836
"2021-06-04 21:25:02",83861,27370026,58,1,,"hot",2305,836
"2021-06-04 21:30:01",83862,27370026,58,1,,"hot",2305,836
"2021-06-04 21:35:01",83863,27370026,57,1,,"hot",2306,836
"2021-06-04 21:40:01",83864,27370026,55,1,,"hot",2306,836
"2021-06-04 21:45:01",83865,27370026,56,1,,"hot",2306,836
"2021-06-04 21:50:01",83866,27370026,56,1,,"hot",2306,836
"2021-06-04 21:55:01",83867,27370026,58,1,,"hot",2306,836
"2021-06-04 22:00:01",83868,27370026,60,1,,"hot",2306,836
"2021-06-04 22:05:01",83869,27370026,59,1,,"hot",2306,836
"2021-06-04 22:10:01",83870,27370026,59,1,,"hot",2306,836
"2021-06-04 22:15:01",83871,27370026,59,1,,"hot",2306,836
"2021-06-04 22:20:01",83872,27370026,58,1,,"hot",2306,836
"2021-06-04 22:25:02",83873,27370026,58,1,,"hot",2306,836
"2021-06-04 22:30:01",83874,27370026,59,1,,"hot",2306,836
"2021-06-04 22:35:01",83875,27370026,59,1,,"hot",2306,836
"2021-06-04 22:40:01",83876,27370026,62,1,,"hot",2306,836
"2021-06-04 22:45:01",83877,27370026,62,1,,"hot",2306,836
"2021-06-04 22:50:01",83878,27370026,61,1,,"hot",2306,836
"2021-06-04 22:55:01",83879,27370026,59,1,,"hot",2306,836
"2021-06-04 23:00:01",83880,27370026,63,1,,"hot",2307,836
"2021-06-04 23:05:01",83881,27370026,69,1,,"hot",2307,836
"2021-06-04 23:10:01",83882,27370026,69,1,,"hot",2307,836
"2021-06-04 23:15:01",83883,27370026,68,1,,"hot",2307,836
"2021-06-04 23:20:01",83884,27370026,68,1,,"hot",2307,836
"2021-06-04 23:25:01",83885,27370026,69,1,,"hot",2307,836
"2021-06-04 23:30:01",83886,27370026,69,1,,"hot",2308,836
"2021-06-04 23:35:01",83887,27370026,70,1,,"hot",2308,836
"2021-06-04 23:40:01",83888,27370026,72,1,,"hot",2308,836
"2021-06-04 23:45:01",83889,27370026,71,1,,"hot",2308,836
"2021-06-04 23:50:01",83890,27370026,70,1,,"hot",2308,836
"2021-06-04 23:55:01",83891,27370026,71,1,,"hot",2308,836
"2021-06-05 00:00:01",83892,27370026,71,1,,"hot",2308,836
"2021-06-05 00:05:01",83893,27370026,71,1,,"hot",2308,836
"2021-06-05 00:10:01",83894,27370026,71,1,,"hot",2308,836
"2021-06-05 00:15:01",83895,27370026,71,1,,"hot",2308,836
"2021-06-05 00:20:01",83896,27370026,71,1,,"hot",2308,836
"2021-06-05 00:25:01",83897,27370026,72,1,,"hot",2308,836
"2021-06-05 00:30:01",83898,27370026,68,1,,"hot",2308,836
"2021-06-05 00:35:01",83899,27370026,68,1,,"hot",2309,836
"2021-06-05 00:40:02",83900,27370026,70,1,,"hot",2309,836
"2021-06-05 00:45:01",83901,27370026,69,1,,"hot",2309,836
"2021-06-05 00:50:01",83902,27370026,70,1,,"hot",2309,836
"2021-06-05 00:55:01",83903,27370026,70,1,,"hot",2309,836
"2021-06-05 01:00:01",83904,27370026,70,1,,"hot",2309,836
"2021-06-05 01:05:01",83905,27370026,69,1,,"hot",2309,836
"2021-06-05 01:10:01",83906,27370026,69,1,,"hot",2309,836
"2021-06-05 01:15:01",83907,27370026,68,1,,"hot",2309,836
"2021-06-05 01:20:01",83908,27370026,66,1,,"hot",2309,836
"2021-06-05 01:25:01",83909,27370026,67,1,,"hot",2309,836
"2021-06-05 01:30:01",83910,27370026,66,1,,"hot",2309,836
"2021-06-05 01:35:01",83911,27370026,66,1,,"hot",2309,836
"2021-06-05 01:40:01",83912,27370026,67,1,,"hot",2309,836
"2021-06-05 01:45:01",83913,27370026,67,1,,"hot",2309,836
"2021-06-05 01:50:01",83914,27370026,69,1,,"hot",2309,836
"2021-06-05 01:55:01",83915,27370026,69,1,,"hot",2309,836
"2021-06-05 02:00:01",83916,27370026,68,1,,"hot",2309,836
"2021-06-05 02:05:01",83917,27370026,68,1,,"hot",2309,836
"2021-06-05 02:10:01",83918,27370026,69,1,,"hot",2309,836
"2021-06-05 02:15:02",83919,27370026,69,1,,"hot",2309,836
"2021-06-05 02:20:01",83920,27370026,69,1,,"hot",2309,836
"2021-06-05 02:25:01",83921,27370026,68,1,,"hot",2309,836
"2021-06-05 02:30:02",83922,27370026,68,1,,"hot",2309,836
"2021-06-05 02:35:01",83923,27370026,67,1,,"hot",2309,836
"2021-06-05 02:40:01",83924,27370026,68,1,,"hot",2309,836
"2021-06-05 02:45:01",83925,27370026,69,1,,"hot",2309,836
"2021-06-05 02:50:01",83926,27370026,69,1,,"hot",2309,836
"2021-06-05 02:55:01",83927,27370026,69,1,,"hot",2309,836
"2021-06-05 03:00:01",83928,27370026,69,1,,"hot",2309,836
"2021-06-05 03:05:01",83929,27370026,69,1,,"hot",2311,836
"2021-06-05 03:10:01",83930,27370026,69,1,,"hot",2311,836
"2021-06-05 03:15:01",83931,27370026,69,1,,"hot",2311,836
"2021-06-05 03:20:01",83932,27370026,69,1,,"hot",2311,836
"2021-06-05 03:25:01",83933,27370026,68,1,,"hot",2311,836
"2021-06-05 03:30:01",83934,27370026,69,1,,"hot",2312,836
"2021-06-05 03:35:01",83935,27370026,69,1,,"hot",2312,836
"2021-06-05 03:40:01",83936,27370026,70,1,,"hot",2312,836
"2021-06-05 03:45:01",83937,27370026,70,1,,"hot",2312,836
"2021-06-05 03:50:01",83938,27370026,71,1,,"hot",2312,836
"2021-06-05 03:55:02",83939,27370026,71,1,,"hot",2312,836
"2021-06-05 04:00:01",83940,27370026,71,1,,"hot",2312,836
"2021-06-05 04:05:01",83941,27370026,70,1,,"hot",2312,836
"2021-06-05 04:10:01",83942,27370026,70,1,,"hot",2312,836
"2021-06-05 04:15:02",83943,27370026,70,1,,"hot",2312,836
"2021-06-05 04:20:01",83944,27370026,70,1,,"hot",2312,836
"2021-06-05 04:25:01",83945,27370026,69,1,,"hot",2312,836
"2021-06-05 04:30:01",83946,27370026,68,1,,"hot",2312,836
"2021-06-05 04:35:01",83947,27370026,66,1,,"hot",2312,836
"2021-06-05 04:40:01",83948,27370026,66,1,,"hot",2313,836
"2021-06-05 04:45:01",83949,27370026,67,1,,"hot",2313,836
"2021-06-05 04:50:01",83950,27370026,67,1,,"hot",2313,836
"2021-06-05 04:55:01",83951,27370026,67,1,,"hot",2313,836
"2021-06-05 05:00:01",83952,27370026,66,1,,"hot",2313,836
"2021-06-05 05:05:01",83953,27370026,67,1,,"hot",2313,836
"2021-06-05 05:10:01",83954,27370026,66,1,,"hot",2313,836
"2021-06-05 05:15:01",83955,27370026,66,1,,"hot",2313,836
"2021-06-05 05:20:01",83956,27370026,65,1,,"hot",2313,836
"2021-06-05 05:25:01",83957,27370026,65,1,,"hot",2313,836
"2021-06-05 05:30:01",83958,27370026,63,1,,"hot",2313,836
"2021-06-05 05:35:01",83959,27370026,63,1,,"hot",2313,836
"2021-06-05 05:40:01",83960,27370026,64,1,,"hot",2313,836
"2021-06-05 05:45:01",83961,27370026,64,1,,"hot",2313,836
"2021-06-05 05:50:01",83962,27370026,63,1,,"hot",2313,836
"2021-06-05 05:55:01",83963,27370026,63,1,,"hot",2313,836
"2021-06-05 06:00:01",83964,27370026,64,1,,"hot",2313,836
"2021-06-05 06:05:01",83965,27370026,63,1,,"hot",2313,836
"2021-06-05 06:10:01",83966,27370026,64,1,,"hot",2314,836
"2021-06-05 06:15:01",83967,27370026,65,1,,"hot",2314,836
"2021-06-05 06:20:01",83968,27370026,64,1,,"hot",2315,836
"2021-06-05 06:25:01",83969,27370026,64,1,,"hot",2315,836
"2021-06-05 06:30:01",83970,27370026,64,1,,"hot",2315,836
"2021-06-05 06:35:01",83971,27370026,64,1,,"hot",2315,836
"2021-06-05 06:40:01",83972,27370026,66,1,,"hot",2315,836
"2021-06-05 06:45:01",83973,27370026,67,1,,"hot",2315,836
"2021-06-05 06:50:01",83974,27370026,67,1,,"hot",2315,836
"2021-06-05 06:55:01",83975,27370026,65,1,,"hot",2315,836
"2021-06-05 07:00:01",83976,27370026,65,1,,"hot",2315,836
"2021-06-05 07:05:01",83977,27370026,65,1,,"hot",2315,836
"2021-06-05 07:10:02",83978,27370026,65,1,,"hot",2315,836
"2021-06-05 07:15:01",83979,27370026,64,1,,"hot",2315,836
"2021-06-05 07:20:01",83980,27370026,63,1,,"hot",2315,836
"2021-06-05 07:25:01",83981,27370026,63,1,,"hot",2315,836
"2021-06-05 07:30:01",83982,27370026,63,1,,"hot",2315,836
"2021-06-05 07:35:01",83983,27370026,64,1,,"hot",2315,836
"2021-06-05 07:40:01",83984,27370026,64,1,,"hot",2315,836
"2021-06-05 07:45:01",83985,27370026,63,1,,"hot",2315,836
"2021-06-05 07:50:01",83986,27370026,64,1,,"hot",2315,836
"2021-06-05 07:55:01",83987,27370026,64,1,,"hot",2315,836
"2021-06-05 08:00:01",83988,27370026,64,1,,"hot",2315,836
"2021-06-05 08:05:01",83989,27370026,65,1,,"hot",2315,836
"2021-06-05 08:10:01",83990,27370026,65,1,,"hot",2315,836
"2021-06-05 08:15:01",83991,27370026,65,1,,"hot",2315,836
"2021-06-05 08:20:01",83992,27370026,65,1,,"hot",2315,837
"2021-06-05 08:25:01",83993,27370026,65,1,,"hot",2315,837
"2021-06-05 08:30:01",83994,27370026,64,1,,"hot",2315,837
"2021-06-05 08:35:01",83995,27370026,64,1,,"hot",2315,837
"2021-06-05 08:40:01",83996,27370026,64,1,,"hot",2315,837
"2021-06-05 08:45:01",83997,27370026,64,1,,"hot",2315,837
"2021-06-05 08:50:01",83998,27370026,66,1,,"hot",2315,837
"2021-06-05 08:55:01",83999,27370026,66,1,,"hot",2315,837
"2021-06-05 09:00:01",84000,27370026,65,1,,"hot",2315,837
"2021-06-05 09:05:01",84001,27370026,65,1,,"hot",2315,837
"2021-06-05 09:10:01",84002,27370026,65,1,,"hot",2315,837
"2021-06-05 09:15:02",84003,27370026,66,1,,"hot",2315,837
"2021-06-05 09:20:01",84004,27370026,65,1,,"hot",2315,837
"2021-06-05 09:25:01",84005,27370026,66,1,,"hot",2315,837
"2021-06-05 09:30:01",84006,27370026,65,1,,"hot",2315,837
"2021-06-05 09:35:01",84007,27370026,64,1,,"hot",2315,837
"2021-06-05 09:40:01",84008,27370026,64,1,,"hot",2315,837
"2021-06-05 09:45:01",84009,27370026,64,1,,"hot",2315,837
"2021-06-05 09:50:01",84010,27370026,63,1,,"hot",2315,837
"2021-06-05 09:55:01",84011,27370026,62,1,,"hot",2315,837
"2021-06-05 10:00:01",84012,27370026,61,1,,"hot",2315,837
"2021-06-05 10:05:01",84013,27370026,61,1,,"hot",2315,837
"2021-06-05 10:10:01",84014,27370026,61,1,,"hot",2315,837
"2021-06-05 10:15:02",84015,27370026,61,1,,"hot",2315,837
"2021-06-05 10:20:01",84016,27370026,61,1,,"hot",2315,837
"2021-06-05 10:25:01",84017,27370026,61,1,,"hot",2316,837
"2021-06-05 10:30:01",84018,27370026,61,1,,"hot",2316,837
"2021-06-05 10:35:01",84019,27370026,61,1,,"hot",2316,837
"2021-06-05 10:40:01",84020,27370026,61,1,,"hot",2316,837
"2021-06-05 10:45:01",84021,27370026,60,1,,"hot",2317,837
"2021-06-05 10:50:01",84022,27370026,61,1,,"hot",2317,837
"2021-06-05 10:55:01",84023,27370026,60,1,,"hot",2317,837
"2021-06-05 11:00:01",84024,27370026,59,1,,"hot",2317,837
"2021-06-05 11:05:01",84025,27370026,59,1,,"hot",2317,837
"2021-06-05 11:10:01",84026,27370026,59,1,,"hot",2317,837
"2021-06-05 11:15:01",84027,27370026,59,1,,"hot",2317,837
"2021-06-05 11:20:01",84028,27370026,59,1,,"hot",2317,837
"2021-06-05 11:25:01",84029,27370026,59,1,,"hot",2317,837
"2021-06-05 11:30:01",84030,27370026,57,1,,"hot",2317,837
"2021-06-05 11:35:01",84031,27370026,57,1,,"hot",2317,837
"2021-06-05 11:40:01",84032,27370026,57,1,,"hot",2317,837
"2021-06-05 11:45:01",84033,27370026,57,1,,"hot",2317,837
"2021-06-05 11:50:01",84034,27370026,56,1,,"hot",2317,837
"2021-06-05 11:55:01",84035,27370026,57,1,,"hot",2317,837
"2021-06-05 12:00:01",84036,27370026,57,1,,"hot",2317,837
"2021-06-05 12:05:01",84037,27370026,58,1,,"hot",2317,837
"2021-06-05 12:10:01",84038,27370026,58,1,,"hot",2317,837
"2021-06-05 12:15:01",84039,27370026,58,1,,"hot",2317,837
"2021-06-05 12:20:01",84040,27370026,58,1,,"hot",2317,837
"2021-06-05 12:25:01",84041,27370026,59,1,,"hot",2317,837
"2021-06-05 12:30:01",84042,27370026,58,1,,"hot",2318,837
"2021-06-05 12:35:01",84043,27370026,59,1,,"hot",2318,837
"2021-06-05 12:40:02",84044,27370026,59,1,,"hot",2318,837
"2021-06-05 12:45:01",84045,27370026,58,1,,"hot",2318,837
"2021-06-05 12:50:01",84046,27370026,61,1,,"hot",2318,837
"2021-06-05 12:55:01",84047,27370026,61,1,,"hot",2318,837
"2021-06-05 13:00:01",84048,27370026,61,1,,"hot",2318,837
"2021-06-05 13:05:01",84049,27370026,60,1,,"hot",2318,837
"2021-06-05 13:10:01",84050,27370026,59,1,,"hot",2318,837
"2021-06-05 13:15:01",84051,27370026,59,1,,"hot",2318,837
"2021-06-05 13:20:01",84052,27370026,57,1,,"hot",2318,837
"2021-06-05 13:25:01",84053,27370026,58,1,,"hot",2318,837
"2021-06-05 13:30:01",84054,27370026,58,1,,"hot",2318,837
"2021-06-05 13:35:01",84055,27370026,62,1,,"hot",2318,837
"2021-06-05 13:40:01",84056,27370026,64,1,,"hot",2318,837
"2021-06-05 13:45:01",84057,27370026,64,1,,"hot",2318,838
"2021-06-05 13:50:02",84058,27370026,70,1,,"hot",2319,839
"2021-06-05 13:55:01",84059,27370026,70,1,,"hot",2319,839
"2021-06-05 14:00:01",84060,27370026,69,1,,"hot",2319,839
"2021-06-05 14:05:01",84061,27370026,68,1,,"hot",2319,839
"2021-06-05 14:10:01",84062,27370026,68,1,,"hot",2319,839
"2021-06-05 14:15:01",84063,27370026,68,1,,"hot",2319,839
"2021-06-05 14:20:01",84064,27370026,67,1,,"hot",2319,839
"2021-06-05 14:25:01",84065,27370026,66,1,,"hot",2319,839
"2021-06-05 14:30:01",84066,27370026,66,1,,"hot",2319,839
"2021-06-05 14:35:01",84067,27370026,66,1,,"hot",2320,839
"2021-06-05 14:40:01",84068,27370026,66,1,,"hot",2321,839
"2021-06-05 14:45:01",84069,27370026,67,1,,"hot",2321,840
"2021-06-05 14:50:01",84070,27370026,67,1,,"hot",2321,840
"2021-06-05 14:55:01",84071,27370026,67,1,,"hot",2321,840
"2021-06-05 15:00:01",84072,27370026,66,1,,"hot",2321,840
"2021-06-05 15:05:02",84073,27370026,65,1,,"hot",2321,840
"2021-06-05 15:10:01",84074,27370026,67,1,,"hot",2321,840
"2021-06-05 15:15:01",84075,27370026,69,1,,"hot",2321,840
"2021-06-05 15:20:01",84076,27370026,67,1,,"hot",2321,840
"2021-06-05 15:25:01",84077,27370026,66,1,,"hot",2321,840
"2021-06-05 15:30:01",84078,27370026,67,1,,"hot",2321,840
"2021-06-05 15:35:01",84079,27370026,69,1,,"hot",2321,840
"2021-06-05 15:40:01",84080,27370026,68,1,,"hot",2321,840
"2021-06-05 15:45:01",84081,27370026,69,1,,"hot",2321,840
"2021-06-05 15:50:01",84082,27370026,69,1,,"hot",2321,840
"2021-06-05 15:55:01",84083,27370026,67,1,,"hot",2321,840
"2021-06-05 16:00:01",84084,27370026,66,1,,"hot",2321,840
"2021-06-05 16:05:01",84085,27370026,66,1,,"hot",2321,840
"2021-06-05 16:10:01",84086,27370026,66,1,,"hot",2321,840
"2021-06-05 16:15:01",84087,27370026,67,1,,"hot",2321,840
"2021-06-05 16:20:01",84088,27370026,67,1,,"hot",2321,840
"2021-06-05 16:25:01",84089,27370026,67,1,,"hot",2321,840
"2021-06-05 16:30:01",84090,27370026,66,1,,"hot",2321,840
"2021-06-05 16:35:01",84091,27370026,70,1,,"hot",2321,840
"2021-06-05 16:40:01",84092,27370026,70,1,,"hot",2321,840
"2021-06-05 16:45:01",84093,27370026,70,1,,"hot",2321,840
"2021-06-05 16:50:01",84094,27370026,71,1,,"hot",2321,840
"2021-06-05 16:55:01",84095,27370026,67,1,,"hot",2322,840
"2021-06-05 17:00:01",84096,27370026,68,1,,"hot",2322,840
"2021-06-05 17:05:01",84097,27370026,69,1,,"hot",2322,840
"2021-06-05 17:10:01",84098,27370026,69,1,,"hot",2322,840
"2021-06-05 17:15:01",84099,27370026,70,1,,"hot",2323,840
"2021-06-05 17:20:01",84100,27370026,70,1,,"hot",2323,840
"2021-06-05 17:25:01",84101,27370026,69,1,,"hot",2323,840
"2021-06-05 17:30:01",84102,27370026,68,1,,"hot",2323,840
"2021-06-05 17:35:01",84103,27370026,69,1,,"hot",2323,840
"2021-06-05 17:40:01",84104,27370026,69,1,,"hot",2323,840
"2021-06-05 17:45:01",84105,27370026,70,1,,"hot",2323,840
"2021-06-05 17:50:01",84106,27370026,71,1,,"hot",2323,840
"2021-06-05 17:55:01",84107,27370026,71,1,,"hot",2323,840
"2021-06-05 18:00:01",84108,27370026,72,1,,"hot",2323,840
"2021-06-05 18:05:01",84109,27370026,72,1,,"hot",2323,840
"2021-06-05 18:10:02",84110,27370026,71,1,,"hot",2323,840
"2021-06-05 18:15:01",84111,27370026,70,1,,"hot",2323,840
"2021-06-05 18:20:01",84112,27370026,71,1,,"hot",2323,840
"2021-06-05 18:25:01",84113,27370026,70,1,,"hot",2323,840
"2021-06-05 18:30:01",84114,27370026,70,1,,"hot",2323,840
"2021-06-05 18:35:02",84115,27370026,67,1,,"hot",2323,840
"2021-06-05 18:40:02",84116,27370026,67,1,,"hot",2324,840
"2021-06-05 18:45:01",84117,27370026,66,1,,"hot",2324,840
"2021-06-05 18:50:01",84118,27370026,66,1,,"hot",2324,840
"2021-06-05 18:55:01",84119,27370026,66,1,,"hot",2324,840
"2021-06-05 19:00:01",84120,27370026,64,1,,"hot",2324,840
"2021-06-05 19:05:01",84121,27370026,64,1,,"hot",2324,840
"2021-06-05 19:10:01",84122,27370026,63,1,,"hot",2324,840
"2021-06-05 19:15:01",84123,27370026,63,1,,"hot",2324,840
"2021-06-05 19:20:01",84124,27370026,64,1,,"hot",2324,840
"2021-06-05 20:20:01",84136,27370026,,,,"cooling",2324,840
"2021-06-05 21:20:01",84148,27370026,,,,"cooling",2324,840
"2021-06-05 22:20:01",84160,27370026,,,,"cooling",2324,840
"2021-06-05 23:20:01",84172,27370026,,,,"cooling",2324,840
"2021-06-06 00:20:01",84184,27370026,,,,"cooling",2324,840
"2021-06-06 01:20:01",84196,27370026,,,,"cooling",2324,840
"2021-06-06 02:20:01",84208,27370026,,,,"cooling",2324,840
"2021-06-06 03:20:01",84220,27370026,,,,"cooling",2324,840
"2021-06-06 04:20:01",84232,27370026,,,,"cooling",2324,840
"2021-06-06 05:20:01",84244,27370026,,,,"cooling",2324,840
"2021-06-06 06:20:01",84256,27370026,,,,"cooling",2325,841
"2021-06-06 07:20:01",84268,27370026,,,,"cooling",2325,841
"2021-06-06 13:20:01",84340,27370026,,,,"cold",2325,841
"2021-06-06 19:25:01",84413,27370026,,,,"cold",2326,841
"2021-06-13 19:25:01",86429,27370026,,,,"frozen",2329,846
"2021-06-20 19:25:01",88445,27370026,,,,"frozen",2330,846
"2021-06-27 19:30:01",90462,27370026,,,,"frozen",2330,846
"2021-07-04 19:30:01",92478,27370026,,,,"frozen",2330,846
"2021-07-11 19:30:01",94494,27370026,,,,"frozen",2330,846
"2021-07-18 19:35:01",96511,27370026,,,,"frozen",2330,846
"2021-07-25 19:35:01",98527,27370026,,,,"frozen",2330,846
"2021-08-01 19:35:01",100543,27370026,,,,"frozen",2330,846
"2021-08-08 19:40:01",102560,27370026,,,,"frozen",2330,846
"2021-08-15 19:40:01",104576,27370026,,,,"frozen",2330,846
